{"design velocity": 55.55555555555556, "span": 12, "root thickness": 0.28, "mid_thickness": 0.256, "tip_thickness": 0.14, "tip_stalldelay": 0, "wingdata": [[144191.0, 0.9714170341557856, 1.473684210526316, 0.28, 4.9297099113464355, 0.006847171578556299, 11.570290088653564, 1.614775289256066, 3.3149346220903695, 0.034221135026034785], [144191.0, 0.9921449581961592, 1.431578947368421, 0.272, 5.150830268859863, 0.006949418690055609, 11.349169731140137, 1.614775289256066, 3.536054979603797, 0.034907482904838846], [144171.0, 0.8925669008480853, 1.5529411764705883, 0.264, 3.93308424949646, 0.006240730173885822, 12.56691575050354, 1.614775289256066, 2.318308960240394, 0.03139274301611309], [144191.0, 0.9849521635413215, 1.3473684210526315, 0.256, 5.089466094970703, 0.006938811391592026, 11.410533905029297, 1.614775289256066, 3.474690805714637, 0.03469418686297902], [144181.0, 0.9585842872601609, 1.2933333333333334, 0.2328, 4.696805000305176, 0.006636238656938076, 11.803194999694824, 1.614775289256066, 3.0820297110491097, 0.033648582807965934], [144181.0, 0.9596960082777177, 1.1644444444444446, 0.2096, 4.743679046630859, 0.0066652907989919186, 11.75632095336914, 1.614775289256066, 3.1289037573747933, 0.03370896259759891], [144191.0, 0.965176783366793, 0.9810526315789474, 0.1864, 4.97528600692749, 0.007016101852059364, 11.52471399307251, 1.614775289256066, 3.360510717671424, 0.03421421868475265], [144191.0, 0.8068619475659594, 0.8589473684210527, 0.1632, 3.4015703201293945, 0.006751654203981161, 13.098429679870605, 1.614775289256066, 1.7867950308733285, 0.02948855162623678], [114231.0, 0.0, 0.6086956521739131, 0.14, -1.0640562772750854, 0.007395149674266577, 19.064056277275085, 1.614775289256066, -2.6788315665311515, 0.007395149674266577]]}